1,"Talk-Show            "
2,"Family            "
3,Crime
4,Biography
5,"News            "
6,Drama
7,Horror
8,"Adventure            "
9,"War            "
10,Comedy
11,Short
12,"Animation            "
13,"Romance            "
14,"History            "
15,"Mystery            "
16,"Sport            "
17,-
18,Sci-Fi
19,Game-Show
20,"Thriller            "
21,"Reality-TV            "
22,Action
23,"Western            "
24,"Documentary            "
25,Musical
26,"Music            "
27,Fantasy
